ciphersuite,count,code_1sthalf,code_2ndhalf,code,cipher_y,dtls_ok,recommended,ref,key_exchange,mac,cipher,code_base10
0x2f,10580,0x00,0x2f,"0x00,0x2f",TLS_RSA_WITH_AES_128_CBC_SHA,Y,N,[RFC5246],tls_rsa,sha,aes_128_cbc,47
0xc02f,8591,0xc0,0x2f,"0xc0,0x2f",TLS_ECDHE_RSA_WITH_AES_128_GCM_SHA256,Y,Y,[RFC5289],tls_dhe_rsa,sha256,aes_128_gcm,49199
0xc02b,8453,0xc0,0x2b,"0xc0,0x2b",TLS_ECDHE_ECDSA_WITH_AES_128_GCM_SHA256,Y,Y,[RFC5289],tls_ecdhe_ecdsa,sha256,aes_128_gcm,49195
0x35,8192,0x00,0x35,"0x00,0x35",TLS_RSA_WITH_AES_256_CBC_SHA,Y,N,[RFC5246],tls_rsa,sha,aes_256_cbc,53
0xc030,8180,0xc0,0x30,"0xc0,0x30",TLS_ECDHE_RSA_WITH_AES_256_GCM_SHA384,Y,Y,[RFC5289],tls_dhe_rsa,sha384,aes_256_gcm,49200
0xc013,8015,0xc0,0x13,"0xc0,0x13",TLS_ECDHE_RSA_WITH_AES_128_CBC_SHA,Y,N,[RFC8422],tls_dhe_rsa,sha,aes_128_cbc,49171
0xc02c,7946,0xc0,0x2c,"0xc0,0x2c",TLS_ECDHE_ECDSA_WITH_AES_256_GCM_SHA384,Y,Y,[RFC5289],tls_ecdhe_ecdsa,sha384,aes_256_gcm,49196
0xc014,7883,0xc0,0x14,"0xc0,0x14",TLS_ECDHE_RSA_WITH_AES_256_CBC_SHA,Y,N,[RFC8422],tls_dhe_rsa,sha,aes_256_cbc,49172
0x9c,7864,0x00,0x9c,"0x00,0x9c",TLS_RSA_WITH_AES_128_GCM_SHA256,Y,N,[RFC5288],tls_rsa,sha256,aes_128_gcm,156
0x9d,7376,0x00,0x9d,"0x00,0x9d",TLS_RSA_WITH_AES_256_GCM_SHA384,Y,N,[RFC5288],tls_rsa,sha384,aes_256_gcm,157
0xa,5691,0x00,0x0a,"0x00,0x0a",TLS_RSA_WITH_3DES_EDE_CBC_SHA,Y,N,[RFC5246],tls_rsa,sha,3des_ede_cbc,10
0xcca8,4658,0xcc,0xa8,"0xcc,0xa8",TLS_ECDHE_RSA_WITH_CHACHA20_POLY1305_SHA256,Y,Y,[RFC7905],tls_dhe_rsa,sha256,chacha20_poly1305,52392
0xcca9,4657,0xcc,0xa9,"0xcc,0xa9",TLS_ECDHE_ECDSA_WITH_CHACHA20_POLY1305_SHA256,Y,Y,[RFC7905],tls_ecdhe_ecdsa,sha256,chacha20_poly1305,52393
0xc009,4384,0xc0,0x09,"0xc0,0x09",TLS_ECDHE_ECDSA_WITH_AES_128_CBC_SHA,Y,N,[RFC8422],tls_ecdhe_ecdsa,sha,aes_128_cbc,49161
0xc00a,4245,0xc0,0x0a,"0xc0,0x0a",TLS_ECDHE_ECDSA_WITH_AES_256_CBC_SHA,Y,N,[RFC8422],tls_ecdhe_ecdsa,sha,aes_256_cbc,49162
0xff,4070,0x00,0xff,"0x00,0xff",TLS_EMPTY_RENEGOTIATION_INFO_SCSV,Y,N,[RFC5746],tls_secure_renego,scsv,secure_renego,255
0x33,3451,0x00,0x33,"0x00,0x33",TLS_DHE_RSA_WITH_AES_128_CBC_SHA,Y,N,[RFC5246],tls_dhe_rsa,sha,aes_128_cbc,51
0x39,3358,0x00,0x39,"0x00,0x39",TLS_DHE_RSA_WITH_AES_256_CBC_SHA,Y,N,[RFC5246],tls_dhe_rsa,sha,aes_256_cbc,57
0x9e,3234,0x00,0x9e,"0x00,0x9e",TLS_DHE_RSA_WITH_AES_128_GCM_SHA256,Y,Y,[RFC5288],tls_dhe_rsa,sha256,aes_128_gcm,158
0x9f,2797,0x00,0x9f,"0x00,0x9f",TLS_DHE_RSA_WITH_AES_256_GCM_SHA384,Y,Y,[RFC5288],tls_dhe_rsa,sha384,aes_256_gcm,159
0xc027,2794,0xc0,0x27,"0xc0,0x27",TLS_ECDHE_RSA_WITH_AES_128_CBC_SHA256,Y,N,[RFC5289],tls_dhe_rsa,sha256,aes_128_cbc,49191
0xc023,2782,0xc0,0x23,"0xc0,0x23",TLS_ECDHE_ECDSA_WITH_AES_128_CBC_SHA256,Y,N,[RFC5289],tls_ecdhe_ecdsa,sha256,aes_128_cbc,49187
0x3c,2722,0x00,0x3c,"0x00,0x3c",TLS_RSA_WITH_AES_128_CBC_SHA256,Y,N,[RFC5246],tls_rsa,sha256,aes_128_cbc,60
0x1301,2631,0x13,0x01,"0x13,0x01",TLS_AES_128_GCM_SHA256,Y,Y,[RFC8446],tls_13,sha256,aes_128_gcm,4865
0x1302,2631,0x13,0x02,"0x13,0x02",TLS_AES_256_GCM_SHA384,Y,Y,[RFC8446],tls_13,sha384,aes_256_gcm,4866
0x1303,2629,0x13,0x03,"0x13,0x03",TLS_CHACHA20_POLY1305_SHA256,Y,Y,[RFC8446],tls_13,sha256,chacha20_poly1305,4867
0x32,2625,0x00,0x32,"0x00,0x32",TLS_DHE_DSS_WITH_AES_128_CBC_SHA,Y,N,[RFC5246],tls_dhe_dss,sha,aes_128_cbc,50
0xc024,2615,0xc0,0x24,"0xc0,0x24",TLS_ECDHE_ECDSA_WITH_AES_256_CBC_SHA384,Y,N,[RFC5289],tls_ecdhe_ecdsa,sha384,aes_256_cbc,49188
0x3d,2608,0x00,0x3d,"0x00,0x3d",TLS_RSA_WITH_AES_256_CBC_SHA256,Y,N,[RFC5246],tls_rsa,sha256,aes_256_cbc,61
0xc028,2599,0xc0,0x28,"0xc0,0x28",TLS_ECDHE_RSA_WITH_AES_256_CBC_SHA384,Y,N,[RFC5289],tls_dhe_rsa,sha384,aes_256_cbc,49192
0x38,2563,0x00,0x38,"0x00,0x38",TLS_DHE_DSS_WITH_AES_256_CBC_SHA,Y,N,[RFC5246],tls_dhe_dss,sha,aes_256_cbc,56
0x67,2171,0x00,0x67,"0x00,0x67",TLS_DHE_RSA_WITH_AES_128_CBC_SHA256,Y,N,[RFC5246],tls_dhe_rsa,sha256,aes_128_cbc,103
0x6b,2077,0x00,0x6b,"0x00,0x6b",TLS_DHE_RSA_WITH_AES_256_CBC_SHA256,Y,N,[RFC5246],tls_dhe_rsa,sha256,aes_256_cbc,107
0xc012,1913,0xc0,0x12,"0xc0,0x12",TLS_ECDHE_RSA_WITH_3DES_EDE_CBC_SHA,Y,N,[RFC8422],tls_dhe_rsa,sha,3des_ede_cbc,49170
0x16,1875,0x00,0x16,"0x00,0x16",TLS_DHE_RSA_WITH_3DES_EDE_CBC_SHA,Y,N,[RFC5246],tls_dhe_rsa,sha,3des_ede_cbc,22
0xc005,1856,0xc0,0x05,"0xc0,0x05",TLS_ECDH_ECDSA_WITH_AES_256_CBC_SHA,Y,N,[RFC8422],tls_ecdh_ecdsa,sha,aes_256_cbc,49157
0xc004,1844,0xc0,0x04,"0xc0,0x04",TLS_ECDH_ECDSA_WITH_AES_128_CBC_SHA,Y,N,[RFC8422],tls_ecdh_ecdsa,sha,aes_128_cbc,49156
0xc00f,1843,0xc0,0x0f,"0xc0,0x0f",TLS_ECDH_RSA_WITH_AES_256_CBC_SHA,Y,N,[RFC8422],tls_ecdh_rsa,sha,aes_256_cbc,49167
0xc008,1836,0xc0,0x08,"0xc0,0x08",TLS_ECDHE_ECDSA_WITH_3DES_EDE_CBC_SHA,Y,N,[RFC8422],tls_ecdhe_ecdsa,sha,3des_ede_cbc,49160
0xc00e,1828,0xc0,0x0e,"0xc0,0x0e",TLS_ECDH_RSA_WITH_AES_128_CBC_SHA,Y,N,[RFC8422],tls_ecdh_rsa,sha,aes_128_cbc,49166
0x13,1759,0x00,0x13,"0x00,0x13",TLS_DHE_DSS_WITH_3DES_EDE_CBC_SHA,Y,N,[RFC5246],tls_dhe_dss,sha,3des_ede_cbc,19
0x40,1747,0x00,0x40,"0x00,0x40",TLS_DHE_DSS_WITH_AES_128_CBC_SHA256,Y,N,[RFC5246],tls_dhe_dss,sha256,aes_128_cbc,64
0xa2,1742,0x00,0xa2,"0x00,0xa2",TLS_DHE_DSS_WITH_AES_128_GCM_SHA256,Y,N,[RFC5288],tls_dhe_dss,sha256,aes_128_gcm,162
0xc02a,1739,0xc0,0x2a,"0xc0,0x2a",TLS_ECDH_RSA_WITH_AES_256_CBC_SHA384,Y,N,[RFC5289],tls_ecdh_rsa,sha384,aes_256_cbc,49194
0xc029,1738,0xc0,0x29,"0xc0,0x29",TLS_ECDH_RSA_WITH_AES_128_CBC_SHA256,Y,N,[RFC5289],tls_ecdh_rsa,sha256,aes_128_cbc,49193
0xc026,1738,0xc0,0x26,"0xc0,0x26",TLS_ECDH_ECDSA_WITH_AES_256_CBC_SHA384,Y,N,[RFC5289],tls_ecdh_ecdsa,sha384,aes_256_cbc,49190
0xc025,1737,0xc0,0x25,"0xc0,0x25",TLS_ECDH_ECDSA_WITH_AES_128_CBC_SHA256,Y,N,[RFC5289],tls_ecdh_ecdsa,sha256,aes_128_cbc,49189
0xc032,1736,0xc0,0x32,"0xc0,0x32",TLS_ECDH_RSA_WITH_AES_256_GCM_SHA384,Y,N,[RFC5289],tls_ecdh_rsa,sha384,aes_256_gcm,49202
0xc02e,1736,0xc0,0x2e,"0xc0,0x2e",TLS_ECDH_ECDSA_WITH_AES_256_GCM_SHA384,Y,N,[RFC5289],tls_ecdh_ecdsa,sha384,aes_256_gcm,49198
0x6a,1735,0x00,0x6a,"0x00,0x6a",TLS_DHE_DSS_WITH_AES_256_CBC_SHA256,Y,N,[RFC5246],tls_dhe_dss,sha256,aes_256_cbc,106
0xc031,1734,0xc0,0x31,"0xc0,0x31",TLS_ECDH_RSA_WITH_AES_128_GCM_SHA256,Y,N,[RFC5289],tls_ecdh_rsa,sha256,aes_128_gcm,49201
0xc02d,1734,0xc0,0x2d,"0xc0,0x2d",TLS_ECDH_ECDSA_WITH_AES_128_GCM_SHA256,Y,N,[RFC5289],tls_ecdh_ecdsa,sha256,aes_128_gcm,49197
0xa3,1723,0x00,0xa3,"0x00,0xa3",TLS_DHE_DSS_WITH_AES_256_GCM_SHA384,Y,N,[RFC5288],tls_dhe_dss,sha384,aes_256_gcm,163
0xc00d,1671,0xc0,0x0d,"0xc0,0x0d",TLS_ECDH_RSA_WITH_3DES_EDE_CBC_SHA,Y,N,[RFC8422],tls_ecdh_rsa,sha,3des_ede_cbc,49165
0xc003,1669,0xc0,0x03,"0xc0,0x03",TLS_ECDH_ECDSA_WITH_3DES_EDE_CBC_SHA,Y,N,[RFC8422],tls_ecdh_ecdsa,sha,3des_ede_cbc,49155
0x88,1450,0x00,0x88,"0x00,0x88",TLS_DHE_RSA_WITH_CAMELLIA_256_CBC_SHA,Y,N,[RFC5932],tls_dhe_rsa,sha,camellia_256_cbc,136
0x45,1449,0x00,0x45,"0x00,0x45",TLS_DHE_RSA_WITH_CAMELLIA_128_CBC_SHA,Y,N,[RFC5932],tls_dhe_rsa,sha,camellia_128_cbc,69
0x41,1449,0x00,0x41,"0x00,0x41",TLS_RSA_WITH_CAMELLIA_128_CBC_SHA,Y,N,[RFC5932],tls_rsa,sha,camellia_128_cbc,65
0x84,1445,0x00,0x84,"0x00,0x84",TLS_RSA_WITH_CAMELLIA_256_CBC_SHA,Y,N,[RFC5932],tls_rsa,sha,camellia_256_cbc,132
0x31,1423,0x00,0x31,"0x00,0x31",TLS_DH_RSA_WITH_AES_128_CBC_SHA,Y,N,[RFC5246],tls_dh_rsa,sha,aes_128_cbc,49
0x37,1420,0x00,0x37,"0x00,0x37",TLS_DH_RSA_WITH_AES_256_CBC_SHA,Y,N,[RFC5246],tls_dh_rsa,sha,aes_256_cbc,55
0x36,1419,0x00,0x36,"0x00,0x36",TLS_DH_DSS_WITH_AES_256_CBC_SHA,Y,N,[RFC5246],tls_dh_dss,sha,aes_256_cbc,54
0x30,1419,0x00,0x30,"0x00,0x30",TLS_DH_DSS_WITH_AES_128_CBC_SHA,Y,N,[RFC5246],tls_dh_dss,sha,aes_128_cbc,48
0x5,1406,0x00,0x05,"0x00,0x05",TLS_RSA_WITH_RC4_128_SHA,N,N,[RFC5246][RFC6347],tls_rsa,sha,rc4_128,5
0x87,1380,0x00,0x87,"0x00,0x87",TLS_DHE_DSS_WITH_CAMELLIA_256_CBC_SHA,Y,N,[RFC5932],tls_dhe_dss,sha,camellia_256_cbc,135
0x44,1379,0x00,0x44,"0x00,0x44",TLS_DHE_DSS_WITH_CAMELLIA_128_CBC_SHA,Y,N,[RFC5932],tls_dhe_dss,sha,camellia_128_cbc,68
0xa0,1378,0x00,0xa0,"0x00,0xa0",TLS_DH_RSA_WITH_AES_128_GCM_SHA256,Y,N,[RFC5288],tls_dh_rsa,sha256,aes_128_gcm,160
0xa4,1376,0x00,0xa4,"0x00,0xa4",TLS_DH_DSS_WITH_AES_128_GCM_SHA256,Y,N,[RFC5288],tls_dh_dss,sha256,aes_128_gcm,164
0xa1,1358,0x00,0xa1,"0x00,0xa1",TLS_DH_RSA_WITH_AES_256_GCM_SHA384,Y,N,[RFC5288],tls_dh_rsa,sha384,aes_256_gcm,161
0xa5,1358,0x00,0xa5,"0x00,0xa5",TLS_DH_DSS_WITH_AES_256_GCM_SHA384,Y,N,[RFC5288],tls_dh_dss,sha384,aes_256_gcm,165
0x3f,1357,0x00,0x3f,"0x00,0x3f",TLS_DH_RSA_WITH_AES_128_CBC_SHA256,Y,N,[RFC5246],tls_dh_rsa,sha256,aes_128_cbc,63
0x68,1356,0x00,0x68,"0x00,0x68",TLS_DH_DSS_WITH_AES_256_CBC_SHA256,Y,N,[RFC5246],tls_dh_dss,sha256,aes_256_cbc,104
0x3e,1356,0x00,0x3e,"0x00,0x3e",TLS_DH_DSS_WITH_AES_128_CBC_SHA256,Y,N,[RFC5246],tls_dh_dss,sha256,aes_128_cbc,62
0x69,1355,0x00,0x69,"0x00,0x69",TLS_DH_RSA_WITH_AES_256_CBC_SHA256,Y,N,[RFC5246],tls_dh_rsa,sha256,aes_256_cbc,105
0xc011,1325,0xc0,0x11,"0xc0,0x11",TLS_ECDHE_RSA_WITH_RC4_128_SHA,N,N,[RFC8422][RFC6347],tls_dhe_rsa,sha,rc4_128,49169
0xc007,1305,0xc0,0x07,"0xc0,0x07",TLS_ECDHE_ECDSA_WITH_RC4_128_SHA,N,N,[RFC8422][RFC6347],tls_ecdhe_ecdsa,sha,rc4_128,49159
0xd,1294,0x00,0x0d,"0x00,0x0d",TLS_DH_DSS_WITH_3DES_EDE_CBC_SHA,Y,N,[RFC5246],tls_dh_dss,sha,3des_ede_cbc,13
0x10,1292,0x00,0x10,"0x00,0x10",TLS_DH_RSA_WITH_3DES_EDE_CBC_SHA,Y,N,[RFC5246],tls_dh_rsa,sha,3des_ede_cbc,16
0x86,1205,0x00,0x86,"0x00,0x86",TLS_DH_RSA_WITH_CAMELLIA_256_CBC_SHA,Y,N,[RFC5932],tls_dh_rsa,sha,camellia_256_cbc,134
0x85,1205,0x00,0x85,"0x00,0x85",TLS_DH_DSS_WITH_CAMELLIA_256_CBC_SHA,Y,N,[RFC5932],tls_dh_dss,sha,camellia_256_cbc,133
0x43,1204,0x00,0x43,"0x00,0x43",TLS_DH_RSA_WITH_CAMELLIA_128_CBC_SHA,Y,N,[RFC5932],tls_dh_rsa,sha,camellia_128_cbc,67
0x42,1204,0x00,0x42,"0x00,0x42",TLS_DH_DSS_WITH_CAMELLIA_128_CBC_SHA,Y,N,[RFC5932],tls_dh_dss,sha,camellia_128_cbc,66
0x9a,1085,0x00,0x9a,"0x00,0x9a",TLS_DHE_RSA_WITH_SEED_CBC_SHA,Y,N,[RFC4162],tls_dhe_rsa,sha,seed_cbc,154
0x96,1084,0x00,0x96,"0x00,0x96",TLS_RSA_WITH_SEED_CBC_SHA,Y,N,[RFC4162],tls_rsa,sha,seed_cbc,150
0x99,1083,0x00,0x99,"0x00,0x99",TLS_DHE_DSS_WITH_SEED_CBC_SHA,Y,N,[RFC4162],tls_dhe_dss,sha,seed_cbc,153
0x98,952,0x00,0x98,"0x00,0x98",TLS_DH_RSA_WITH_SEED_CBC_SHA,Y,N,[RFC4162],tls_dh_rsa,sha,seed_cbc,152
0x97,951,0x00,0x97,"0x00,0x97",TLS_DH_DSS_WITH_SEED_CBC_SHA,Y,N,[RFC4162],tls_dh_dss,sha,seed_cbc,151
0x7,731,0x00,0x07,"0x00,0x07",TLS_RSA_WITH_IDEA_CBC_SHA,Y,N,[RFC5469][status-change-tls-des-idea-ciphers-to-historic],tls_rsa,sha,idea_cbc,7
0xc00c,614,0xc0,0x0c,"0xc0,0x0c",TLS_ECDH_RSA_WITH_RC4_128_SHA,N,N,[RFC8422][RFC6347],tls_ecdh_rsa,sha,rc4_128,49164
0xc002,613,0xc0,0x02,"0xc0,0x02",TLS_ECDH_ECDSA_WITH_RC4_128_SHA,N,N,[RFC8422][RFC6347],tls_ecdh_ecdsa,sha,rc4_128,49154
0x4,608,0x00,0x04,"0x00,0x04",TLS_RSA_WITH_RC4_128_MD5,N,N,[RFC5246][RFC6347],tls_rsa,md5,rc4_128,4
0x15,300,0x00,0x15,"0x00,0x15",TLS_DHE_RSA_WITH_DES_CBC_SHA,Y,N,[RFC5469][status-change-tls-des-idea-ciphers-to-historic],tls_dhe_rsa,sha,des_cbc,21
0x12,297,0x00,0x12,"0x00,0x12",TLS_DHE_DSS_WITH_DES_CBC_SHA,Y,N,[RFC5469][status-change-tls-des-idea-ciphers-to-historic],tls_dhe_dss,sha,des_cbc,18
0x9,292,0x00,0x09,"0x00,0x09",TLS_RSA_WITH_DES_CBC_SHA,Y,N,[RFC5469][status-change-tls-des-idea-ciphers-to-historic],tls_rsa,sha,des_cbc,9
0x8,238,0x00,0x08,"0x00,0x08",TLS_RSA_EXPORT_WITH_DES40_CBC_SHA,Y,N,[RFC4346],tls_rsa,sha,des40_cbc,8
0x14,238,0x00,0x14,"0x00,0x14",TLS_DHE_RSA_EXPORT_WITH_DES40_CBC_SHA,Y,N,[RFC4346],tls_dhe_rsa,sha,des40_cbc,20
0x3,237,0x00,0x03,"0x00,0x03",TLS_RSA_EXPORT_WITH_RC4_40_MD5,N,N,[RFC4346][RFC6347],tls_rsa,md5,rc4_40,3
0x11,234,0x00,0x11,"0x00,0x11",TLS_DHE_DSS_EXPORT_WITH_DES40_CBC_SHA,Y,N,[RFC4346],tls_dhe_dss,sha,des40_cbc,17
0xcc13,224,0xcc,0x13,"0xcc,0x13",TLS_ECDHE_RSA_WITH_CHACHA20_POLY1305_SHA256,,,,tls_dhe_rsa,sha256,chacha20_poly1305,52243
0xcc14,223,0xcc,0x14,"0xcc,0x14",TLS_ECDHE_ECDSA_WITH_CHACHA20_POLY1305_SHA256,,,,tls_ecdhe_ecdsa,sha256,chacha20_poly1305,52244
0x6,219,0x00,0x06,"0x00,0x06",TLS_RSA_EXPORT_WITH_RC2_CBC_40_MD5,Y,N,[RFC4346],tls_rsa,md5,rc2_cbc_40,6
0xccaa,191,0xcc,0xaa,"0xcc,0xaa",TLS_DHE_RSA_WITH_CHACHA20_POLY1305_SHA256,Y,Y,[RFC7905],tls_dhe_rsa,sha256,chacha20_poly1305,52394
0xc0ae,140,0xc0,0xae,"0xc0,0xae",TLS_ECDHE_ECDSA_WITH_AES_128_CCM_8,Y,N,[RFC7251],tls_ecdhe_ecdsa,sha256,aes_128_ccm_8,49326
0xc0ac,134,0xc0,0xac,"0xc0,0xac",TLS_ECDHE_ECDSA_WITH_AES_128_CCM,Y,N,[RFC7251],tls_ecdhe_ecdsa,sha256,aes_128_ccm,49324
0xc09d,126,0xc0,0x9d,"0xc0,0x9d",TLS_RSA_WITH_AES_256_CCM,Y,N,[RFC6655],tls_rsa,sha256,aes_256_ccm,49309
0xc09c,125,0xc0,0x9c,"0xc0,0x9c",TLS_RSA_WITH_AES_128_CCM,Y,N,[RFC6655],tls_rsa,sha256,aes_128_ccm,49308
0xba,121,0x00,0xba,"0x00,0xba",TLS_RSA_WITH_CAMELLIA_128_CBC_SHA256,Y,N,[RFC5932],tls_rsa,sha256,camellia_128_cbc,186
0xc0,120,0x00,0xc0,"0x00,0xc0",TLS_RSA_WITH_CAMELLIA_256_CBC_SHA256,Y,N,[RFC5932],tls_rsa,sha256,camellia_256_cbc,192
0xbe,120,0x00,0xbe,"0x00,0xbe",TLS_DHE_RSA_WITH_CAMELLIA_128_CBC_SHA256,Y,N,[RFC5932],tls_dhe_rsa,sha256,camellia_128_cbc,190
0xc4,119,0x00,0xc4,"0x00,0xc4",TLS_DHE_RSA_WITH_CAMELLIA_256_CBC_SHA256,Y,N,[RFC5932],tls_dhe_rsa,sha256,camellia_256_cbc,196
0xc09e,115,0xc0,0x9e,"0xc0,0x9e",TLS_DHE_RSA_WITH_AES_128_CCM,Y,Y,[RFC6655],tls_dhe_rsa,sha256,aes_128_ccm,49310
0xc09f,113,0xc0,0x9f,"0xc0,0x9f",TLS_DHE_RSA_WITH_AES_256_CCM,Y,Y,[RFC6655],tls_dhe_rsa,sha256,aes_256_ccm,49311
0xc0ad,111,0xc0,0xad,"0xc0,0xad",TLS_ECDHE_ECDSA_WITH_AES_256_CCM,Y,N,[RFC7251],tls_ecdhe_ecdsa,sha256,aes_256_ccm,49325
0xc0af,104,0xc0,0xaf,"0xc0,0xaf",TLS_ECDHE_ECDSA_WITH_AES_256_CCM_8,Y,N,[RFC7251],tls_ecdhe_ecdsa,sha256,aes_256_ccm_8,49327
0xc0a1,104,0xc0,0xa1,"0xc0,0xa1",TLS_RSA_WITH_AES_256_CCM_8,Y,N,[RFC6655],tls_rsa,sha256,aes_256_ccm_8,49313
0xc0a0,103,0xc0,0xa0,"0xc0,0xa0",TLS_RSA_WITH_AES_128_CCM_8,Y,N,[RFC6655],tls_rsa,sha256,aes_128_ccm_8,49312
0xc077,99,0xc0,0x77,"0xc0,0x77",TLS_ECDHE_RSA_WITH_CAMELLIA_256_CBC_SHA384,Y,N,[RFC6367],tls_dhe_rsa,sha384,camellia_256_cbc,49271
0xc072,99,0xc0,0x72,"0xc0,0x72",TLS_ECDHE_ECDSA_WITH_CAMELLIA_128_CBC_SHA256,Y,N,[RFC6367],tls_ecdhe_ecdsa,sha256,camellia_128_cbc,49266
0xc076,99,0xc0,0x76,"0xc0,0x76",TLS_ECDHE_RSA_WITH_CAMELLIA_128_CBC_SHA256,Y,N,[RFC6367],tls_dhe_rsa,sha256,camellia_128_cbc,49270
0xc073,98,0xc0,0x73,"0xc0,0x73",TLS_ECDHE_ECDSA_WITH_CAMELLIA_256_CBC_SHA384,Y,N,[RFC6367],tls_ecdhe_ecdsa,sha384,camellia_256_cbc,49267
0xc0a2,92,0xc0,0xa2,"0xc0,0xa2",TLS_DHE_RSA_WITH_AES_128_CCM_8,Y,N,[RFC6655],tls_dhe_rsa,sha256,aes_128_ccm_8,49314
0xc0a3,89,0xc0,0xa3,"0xc0,0xa3",TLS_DHE_RSA_WITH_AES_256_CCM_8,N,N,[RFC6655],tls_dhe_rsa,sha256,aes_256_ccm_8,49315
0xc07d,78,0xc0,0x7d,"0xc0,0x7d",TLS_DHE_RSA_WITH_CAMELLIA_256_GCM_SHA384,Y,N,[RFC6367],tls_dhe_rsa,sha384,camellia_256_gcm,49277
0xc07c,78,0xc0,0x7c,"0xc0,0x7c",TLS_DHE_RSA_WITH_CAMELLIA_128_GCM_SHA256,Y,N,[RFC6367],tls_dhe_rsa,sha256,camellia_128_gcm,49276
0xc07b,78,0xc0,0x7b,"0xc0,0x7b",TLS_RSA_WITH_CAMELLIA_256_GCM_SHA384,Y,N,[RFC6367],tls_rsa,sha384,camellia_256_gcm,49275
0xc087,78,0xc0,0x87,"0xc0,0x87",TLS_ECDHE_ECDSA_WITH_CAMELLIA_256_GCM_SHA384,Y,N,[RFC6367],tls_ecdhe_ecdsa,sha384,camellia_256_gcm,49287
0xc08b,78,0xc0,0x8b,"0xc0,0x8b",TLS_ECDHE_RSA_WITH_CAMELLIA_256_GCM_SHA384,Y,N,[RFC6367],tls_dhe_rsa,sha384,camellia_256_gcm,49291
0xc018,77,0xc0,0x18,"0xc0,0x18",TLS_ECDH_anon_WITH_AES_128_CBC_SHA,Y,N,[RFC8422],tls_ecdh_anon,sha,aes_128_cbc,49176
0xc07a,77,0xc0,0x7a,"0xc0,0x7a",TLS_RSA_WITH_CAMELLIA_128_GCM_SHA256,Y,N,[RFC6367],tls_rsa,sha256,camellia_128_gcm,49274
0xc08a,77,0xc0,0x8a,"0xc0,0x8a",TLS_ECDHE_RSA_WITH_CAMELLIA_128_GCM_SHA256,Y,N,[RFC6367],tls_dhe_rsa,sha256,camellia_128_gcm,49290
0xc086,77,0xc0,0x86,"0xc0,0x86",TLS_ECDHE_ECDSA_WITH_CAMELLIA_128_GCM_SHA256,Y,N,[RFC6367],tls_ecdhe_ecdsa,sha256,camellia_128_gcm,49286
0xc019,76,0xc0,0x19,"0xc0,0x19",TLS_ECDH_anon_WITH_AES_256_CBC_SHA,Y,N,[RFC8422],tls_ecdh_anon,sha,aes_256_cbc,49177
0xc,65,0x00,0x0c,"0x00,0x0c",TLS_DH_DSS_WITH_DES_CBC_SHA,Y,N,[RFC5469][status-change-tls-des-idea-ciphers-to-historic],tls_dh_dss,sha,des_cbc,12
0xf,64,0x00,0x0f,"0x00,0x0f",TLS_DH_RSA_WITH_DES_CBC_SHA,Y,N,[RFC5469][status-change-tls-des-idea-ciphers-to-historic],tls_dh_rsa,sha,des_cbc,15
0x34,55,0x00,0x34,"0x00,0x34",TLS_DH_anon_WITH_AES_128_CBC_SHA,Y,N,[RFC5246],tls_dh_anon,sha,aes_128_cbc,52
0xc3,53,0x00,0xc3,"0x00,0xc3",TLS_DHE_DSS_WITH_CAMELLIA_256_CBC_SHA256,Y,N,[RFC5932],tls_dhe_dss,sha256,camellia_256_cbc,195
0xbd,53,0x00,0xbd,"0x00,0xbd",TLS_DHE_DSS_WITH_CAMELLIA_128_CBC_SHA256,Y,N,[RFC5932],tls_dhe_dss,sha256,camellia_128_cbc,189
0xc017,52,0xc0,0x17,"0xc0,0x17",TLS_ECDH_anon_WITH_3DES_EDE_CBC_SHA,Y,N,[RFC8422],tls_ecdh_anon,sha,3des_ede_cbc,49175
0x3a,47,0x00,0x3a,"0x00,0x3a",TLS_DH_anon_WITH_AES_256_CBC_SHA,Y,N,[RFC5246],tls_dh_anon,sha,aes_256_cbc,58
0xc0a8,46,0xc0,0xa8,"0xc0,0xa8",TLS_PSK_WITH_AES_128_CCM_8,Y,N,[RFC6655],tls_psk,sha256,aes_128_ccm_8,49320
0xc037,46,0xc0,0x37,"0xc0,0x37",TLS_ECDHE_PSK_WITH_AES_128_CBC_SHA256,Y,N,[RFC5489],tls_ecdhe_psk,sha256,aes_128_cbc,49207
0xc016,45,0xc0,0x16,"0xc0,0x16",TLS_ECDH_anon_WITH_RC4_128_SHA,N,N,[RFC8422][RFC6347],tls_ecdh_anon,sha,rc4_128,49174
0xc022,41,0xc0,0x22,"0xc0,0x22",TLS_SRP_SHA_DSS_WITH_AES_256_CBC_SHA,Y,N,[RFC5054],tls_srp_sha_dss,sha,aes_256_cbc,49186
0xc021,41,0xc0,0x21,"0xc0,0x21",TLS_SRP_SHA_RSA_WITH_AES_256_CBC_SHA,Y,N,[RFC5054],tls_srp_sha_rsa,sha,aes_256_cbc,49185
0x6d,41,0x00,0x6d,"0x00,0x6d",TLS_DH_anon_WITH_AES_256_CBC_SHA256,Y,N,[RFC5246],tls_dh_anon,sha256,aes_256_cbc,109
0x46,41,0x00,0x46,"0x00,0x46",TLS_DH_anon_WITH_CAMELLIA_128_CBC_SHA,Y,N,[RFC5932],tls_dh_anon,sha,camellia_128_cbc,70
0x89,40,0x00,0x89,"0x00,0x89",TLS_DH_anon_WITH_CAMELLIA_256_CBC_SHA,Y,N,[RFC5932],tls_dh_anon,sha,camellia_256_cbc,137
0xa7,40,0x00,0xa7,"0x00,0xa7",TLS_DH_anon_WITH_AES_256_GCM_SHA384,Y,N,[RFC5288],tls_dh_anon,sha384,aes_256_gcm,167
0x6c,40,0x00,0x6c,"0x00,0x6c",TLS_DH_anon_WITH_AES_128_CBC_SHA256,Y,N,[RFC5246],tls_dh_anon,sha256,aes_128_cbc,108
0xc01e,40,0xc0,0x1e,"0xc0,0x1e",TLS_SRP_SHA_RSA_WITH_AES_128_CBC_SHA,Y,N,[RFC5054],tls_srp_sha_rsa,sha,aes_128_cbc,49182
0xa6,39,0x00,0xa6,"0x00,0xa6",TLS_DH_anon_WITH_AES_128_GCM_SHA256,Y,N,[RFC5288],tls_dh_anon,sha256,aes_128_gcm,166
0xc01f,39,0xc0,0x1f,"0xc0,0x1f",TLS_SRP_SHA_DSS_WITH_AES_128_CBC_SHA,Y,N,[RFC5054],tls_srp_sha_dss,sha,aes_128_cbc,49183
0xc01c,39,0xc0,0x1c,"0xc0,0x1c",TLS_SRP_SHA_DSS_WITH_3DES_EDE_CBC_SHA,Y,N,[RFC5054],tls_srp_sha_dss,sha,3des_ede_cbc,49180
0xc01b,39,0xc0,0x1b,"0xc0,0x1b",TLS_SRP_SHA_RSA_WITH_3DES_EDE_CBC_SHA,Y,N,[RFC5054],tls_srp_sha_rsa,sha,3des_ede_cbc,49179
0xae,39,0x00,0xae,"0x00,0xae",TLS_PSK_WITH_AES_128_CBC_SHA256,Y,N,[RFC5487],tls_psk,sha256,aes_128_cbc,174
0x18,34,0x00,0x18,"0x00,0x18",TLS_DH_anon_WITH_RC4_128_MD5,N,N,[RFC5246][RFC6347],tls_dh_anon,md5,rc4_128,24
0x8c,33,0x00,0x8c,"0x00,0x8c",TLS_PSK_WITH_AES_128_CBC_SHA,Y,N,[RFC4279],tls_psk,sha,aes_128_cbc,140
0x8d,32,0x00,0x8d,"0x00,0x8d",TLS_PSK_WITH_AES_256_CBC_SHA,Y,N,[RFC4279],tls_psk,sha,aes_256_cbc,141
0xaf,32,0x00,0xaf,"0x00,0xaf",TLS_PSK_WITH_AES_256_CBC_SHA384,Y,N,[RFC5487],tls_psk,sha384,aes_256_cbc,175
0x9b,32,0x00,0x9b,"0x00,0x9b",TLS_DH_anon_WITH_SEED_CBC_SHA,Y,N,[RFC4162],tls_dh_anon,sha,seed_cbc,155
0xc093,31,0xc0,0x93,"0xc0,0x93",TLS_RSA_PSK_WITH_CAMELLIA_256_GCM_SHA384,Y,N,[RFC6367],tls_rsa,sha384,camellia_256_gcm,49299
0xc094,31,0xc0,0x94,"0xc0,0x94",TLS_PSK_WITH_CAMELLIA_128_CBC_SHA256,Y,N,[RFC6367],tls_psk,sha256,camellia_128_cbc,49300
0xc08e,31,0xc0,0x8e,"0xc0,0x8e",TLS_PSK_WITH_CAMELLIA_128_GCM_SHA256,Y,N,[RFC6367],tls_psk,sha256,camellia_128_gcm,49294
0xc08c,31,0xc0,0x8c,"0xc0,0x8c",TLS_ECDH_RSA_WITH_CAMELLIA_128_GCM_SHA256,Y,N,[RFC6367],tls_ecdh_rsa,sha256,camellia_128_gcm,49292
0xc0a4,31,0xc0,0xa4,"0xc0,0xa4",TLS_PSK_WITH_AES_128_CCM,Y,N,[RFC6655],tls_psk,sha256,aes_128_ccm,49316
0xa8,31,0x00,0xa8,"0x00,0xa8",TLS_PSK_WITH_AES_128_GCM_SHA256,Y,N,[RFC5487],tls_psk,sha256,aes_128_gcm,168
0xa9,31,0x00,0xa9,"0x00,0xa9",TLS_PSK_WITH_AES_256_GCM_SHA384,Y,N,[RFC5487],tls_psk,sha384,aes_256_gcm,169
0xc088,31,0xc0,0x88,"0xc0,0x88",TLS_ECDH_ECDSA_WITH_CAMELLIA_128_GCM_SHA256,Y,N,[RFC6367],tls_ecdh_ecdsa,sha256,camellia_128_gcm,49288
0x94,31,0x00,0x94,"0x00,0x94",TLS_RSA_PSK_WITH_AES_128_CBC_SHA,Y,N,[RFC4279],tls_rsa,sha,aes_128_cbc,148
0xc0a7,31,0xc0,0xa7,"0xc0,0xa7",TLS_DHE_PSK_WITH_AES_256_CCM,Y,Y,[RFC6655],tls_dhe_psk,sha256,aes_256_ccm,49319
0xc075,31,0xc0,0x75,"0xc0,0x75",TLS_ECDH_ECDSA_WITH_CAMELLIA_256_CBC_SHA384,Y,N,[RFC6367],tls_ecdh_ecdsa,sha384,camellia_256_cbc,49269
0x1b,31,0x00,0x1b,"0x00,0x1b",TLS_DH_anon_WITH_3DES_EDE_CBC_SHA,Y,N,[RFC5246],tls_dh_anon,sha,3des_ede_cbc,27
0xc0a6,31,0xc0,0xa6,"0xc0,0xa6",TLS_DHE_PSK_WITH_AES_128_CCM,Y,Y,[RFC6655],tls_dhe_psk,sha256,aes_128_ccm,49318
0xaa,31,0x00,0xaa,"0x00,0xaa",TLS_DHE_PSK_WITH_AES_128_GCM_SHA256,Y,Y,[RFC5487],tls_dhe_psk,sha256,aes_128_gcm,170
0xc098,30,0xc0,0x98,"0xc0,0x98",TLS_RSA_PSK_WITH_CAMELLIA_128_CBC_SHA256,Y,N,[RFC6367],tls_rsa,sha256,camellia_128_cbc,49304
0xc099,30,0xc0,0x99,"0xc0,0x99",TLS_RSA_PSK_WITH_CAMELLIA_256_CBC_SHA384,Y,N,[RFC6367],tls_rsa,sha384,camellia_256_cbc,49305
0xb6,30,0x00,0xb6,"0x00,0xb6",TLS_RSA_PSK_WITH_AES_128_CBC_SHA256,Y,N,[RFC5487],tls_rsa,sha256,aes_128_cbc,182
0xb2,30,0x00,0xb2,"0x00,0xb2",TLS_DHE_PSK_WITH_AES_128_CBC_SHA256,Y,N,[RFC5487],tls_dhe_psk,sha256,aes_128_cbc,178
0xc0ab,30,0xc0,0xab,"0xc0,0xab",TLS_PSK_DHE_WITH_AES_256_CCM_8,Y,N,[RFC6655],tls_psk,sha256,aes_256_ccm_8,49323
0xb3,30,0x00,0xb3,"0x00,0xb3",TLS_DHE_PSK_WITH_AES_256_CBC_SHA384,Y,N,[RFC5487],tls_dhe_psk,sha384,aes_256_cbc,179
0xb7,30,0x00,0xb7,"0x00,0xb7",TLS_RSA_PSK_WITH_AES_256_CBC_SHA384,Y,N,[RFC5487],tls_rsa,sha384,aes_256_cbc,183
0xc09a,30,0xc0,0x9a,"0xc0,0x9a",TLS_ECDHE_PSK_WITH_CAMELLIA_128_CBC_SHA256,Y,N,[RFC6367],tls_ecdhe_psk,sha256,camellia_128_cbc,49306
0xad,30,0x00,0xad,"0x00,0xad",TLS_RSA_PSK_WITH_AES_256_GCM_SHA384,Y,N,[RFC5487],tls_rsa,sha384,aes_256_gcm,173
0xc0a9,30,0xc0,0xa9,"0xc0,0xa9",TLS_PSK_WITH_AES_256_CCM_8,Y,N,[RFC6655],tls_psk,sha256,aes_256_ccm_8,49321
0xab,30,0x00,0xab,"0x00,0xab",TLS_DHE_PSK_WITH_AES_256_GCM_SHA384,Y,Y,[RFC5487],tls_dhe_psk,sha384,aes_256_gcm,171
0xc090,30,0xc0,0x90,"0xc0,0x90",TLS_DHE_PSK_WITH_CAMELLIA_128_GCM_SHA256,Y,N,[RFC6367],tls_dhe_psk,sha256,camellia_128_gcm,49296
0xc096,30,0xc0,0x96,"0xc0,0x96",TLS_DHE_PSK_WITH_CAMELLIA_128_CBC_SHA256,Y,N,[RFC6367],tls_dhe_psk,sha256,camellia_128_cbc,49302
0xc078,30,0xc0,0x78,"0xc0,0x78",TLS_ECDH_RSA_WITH_CAMELLIA_128_CBC_SHA256,Y,N,[RFC6367],tls_ecdh_rsa,sha256,camellia_128_cbc,49272
0xc092,30,0xc0,0x92,"0xc0,0x92",TLS_RSA_PSK_WITH_CAMELLIA_128_GCM_SHA256,Y,N,[RFC6367],tls_rsa,sha256,camellia_128_gcm,49298
0xc091,30,0xc0,0x91,"0xc0,0x91",TLS_DHE_PSK_WITH_CAMELLIA_256_GCM_SHA384,Y,N,[RFC6367],tls_dhe_psk,sha384,camellia_256_gcm,49297
0xc036,30,0xc0,0x36,"0xc0,0x36",TLS_ECDHE_PSK_WITH_AES_256_CBC_SHA,Y,N,[RFC5489],tls_ecdhe_psk,sha,aes_256_cbc,49206
0xc08f,30,0xc0,0x8f,"0xc0,0x8f",TLS_PSK_WITH_CAMELLIA_256_GCM_SHA384,Y,N,[RFC6367],tls_psk,sha384,camellia_256_gcm,49295
0xc08d,30,0xc0,0x8d,"0xc0,0x8d",TLS_ECDH_RSA_WITH_CAMELLIA_256_GCM_SHA384,Y,N,[RFC6367],tls_ecdh_rsa,sha384,camellia_256_gcm,49293
0xc035,30,0xc0,0x35,"0xc0,0x35",TLS_ECDHE_PSK_WITH_AES_128_CBC_SHA,Y,N,[RFC5489],tls_ecdhe_psk,sha,aes_128_cbc,49205
0xc089,30,0xc0,0x89,"0xc0,0x89",TLS_ECDH_ECDSA_WITH_CAMELLIA_256_GCM_SHA384,Y,N,[RFC6367],tls_ecdh_ecdsa,sha384,camellia_256_gcm,49289
0xc079,30,0xc0,0x79,"0xc0,0x79",TLS_ECDH_RSA_WITH_CAMELLIA_256_CBC_SHA384,Y,N,[RFC6367],tls_ecdh_rsa,sha384,camellia_256_cbc,49273
0x90,30,0x00,0x90,"0x00,0x90",TLS_DHE_PSK_WITH_AES_128_CBC_SHA,Y,N,[RFC4279],tls_dhe_psk,sha,aes_128_cbc,144
0xac,29,0x00,0xac,"0x00,0xac",TLS_RSA_PSK_WITH_AES_128_GCM_SHA256,Y,N,[RFC5487],tls_rsa,sha256,aes_128_gcm,172
0xc074,29,0xc0,0x74,"0xc0,0x74",TLS_ECDH_ECDSA_WITH_CAMELLIA_128_CBC_SHA256,Y,N,[RFC6367],tls_ecdh_ecdsa,sha256,camellia_128_cbc,49268
0xc038,29,0xc0,0x38,"0xc0,0x38",TLS_ECDHE_PSK_WITH_AES_256_CBC_SHA384,Y,N,[RFC5489],tls_ecdhe_psk,sha384,aes_256_cbc,49208
0x91,29,0x00,0x91,"0x00,0x91",TLS_DHE_PSK_WITH_AES_256_CBC_SHA,Y,N,[RFC4279],tls_dhe_psk,sha,aes_256_cbc,145
0xc0a5,29,0xc0,0xa5,"0xc0,0xa5",TLS_PSK_WITH_AES_256_CCM,Y,N,[RFC6655],tls_psk,sha256,aes_256_ccm,49317
0x95,29,0x00,0x95,"0x00,0x95",TLS_RSA_PSK_WITH_AES_256_CBC_SHA,Y,N,[RFC4279],tls_rsa,sha,aes_256_cbc,149
0xc09b,29,0xc0,0x9b,"0xc0,0x9b",TLS_ECDHE_PSK_WITH_CAMELLIA_256_CBC_SHA384,Y,N,[RFC6367],tls_ecdhe_psk,sha384,camellia_256_cbc,49307
0xc0aa,29,0xc0,0xaa,"0xc0,0xaa",TLS_PSK_DHE_WITH_AES_128_CCM_8,Y,N,[RFC6655],tls_psk,sha256,aes_128_ccm_8,49322
0xc097,29,0xc0,0x97,"0xc0,0x97",TLS_DHE_PSK_WITH_CAMELLIA_256_CBC_SHA384,Y,N,[RFC6367],tls_dhe_psk,sha384,camellia_256_cbc,49303
0xc095,29,0xc0,0x95,"0xc0,0x95",TLS_PSK_WITH_CAMELLIA_256_CBC_SHA384,Y,N,[RFC6367],tls_psk,sha384,camellia_256_cbc,49301
0x17,28,0x00,0x17,"0x00,0x17",TLS_DH_anon_EXPORT_WITH_RC4_40_MD5,N,N,[RFC4346][RFC6347],tls_dh_anon,md5,rc4_40,23
0xc080,27,0xc0,0x80,"0xc0,0x80",TLS_DHE_DSS_WITH_CAMELLIA_128_GCM_SHA256,Y,N,[RFC6367],tls_dhe_dss,sha256,camellia_128_gcm,49280
0x19,27,0x00,0x19,"0x00,0x19",TLS_DH_anon_EXPORT_WITH_DES40_CBC_SHA,Y,N,[RFC4346],tls_dh_anon,sha,des40_cbc,25
0x5600,27,0x56,0x00,"0x56,0x00",TLS_FALLBACK_SCSV,Y,N,[RFC7507],tls_fallback,scsv,fallback_scsv,22016
0xc081,26,0xc0,0x81,"0xc0,0x81",TLS_DHE_DSS_WITH_CAMELLIA_256_GCM_SHA384,Y,N,[RFC6367],tls_dhe_dss,sha384,camellia_256_gcm,49281
0xc010,25,0xc0,0x10,"0xc0,0x10",TLS_ECDHE_RSA_WITH_NULL_SHA,Y,N,[RFC8422],tls_dhe_rsa,sha,no_cipher,49168
0xc001,25,0xc0,0x01,"0xc0,0x01",TLS_ECDH_ECDSA_WITH_NULL_SHA,Y,N,[RFC8422],tls_ecdh_ecdsa,sha,no_cipher,49153
0xc00b,25,0xc0,0x0b,"0xc0,0x0b",TLS_ECDH_RSA_WITH_NULL_SHA,Y,N,[RFC8422],tls_ecdh_rsa,sha,no_cipher,49163
0x2,24,0x00,0x02,"0x00,0x02",TLS_RSA_WITH_NULL_SHA,Y,N,[RFC5246],tls_rsa,sha,no_cipher,2
0xc015,24,0xc0,0x15,"0xc0,0x15",TLS_ECDH_anon_WITH_NULL_SHA,Y,N,[RFC8422],tls_ecdh_anon,sha,no_cipher,49173
0xc006,24,0xc0,0x06,"0xc0,0x06",TLS_ECDHE_ECDSA_WITH_NULL_SHA,Y,N,[RFC8422],tls_ecdhe_ecdsa,sha,no_cipher,49158
0x1,24,0x00,0x01,"0x00,0x01",TLS_RSA_WITH_NULL_MD5,Y,N,[RFC5246],tls_rsa,md5,no_cipher,1
0x93,24,0x00,0x93,"0x00,0x93",TLS_RSA_PSK_WITH_3DES_EDE_CBC_SHA,Y,N,[RFC4279],tls_rsa,sha,3des_ede_cbc,147
0x8b,24,0x00,0x8b,"0x00,0x8b",TLS_PSK_WITH_3DES_EDE_CBC_SHA,Y,N,[RFC4279],tls_psk,sha,3des_ede_cbc,139
0xc034,23,0xc0,0x34,"0xc0,0x34",TLS_ECDHE_PSK_WITH_3DES_EDE_CBC_SHA,Y,N,[RFC5489],tls_ecdhe_psk,sha,3des_ede_cbc,49204
0x8f,23,0x00,0x8f,"0x00,0x8f",TLS_DHE_PSK_WITH_3DES_EDE_CBC_SHA,Y,N,[RFC4279],tls_dhe_psk,sha,3des_ede_cbc,143
0x1a,19,0x00,0x1a,"0x00,0x1a",TLS_DH_anon_WITH_DES_CBC_SHA,Y,N,[RFC5469][status-change-tls-des-idea-ciphers-to-historic],tls_dh_anon,sha,des_cbc,26
0x3b,16,0x00,0x3b,"0x00,0x3b",TLS_RSA_WITH_NULL_SHA256,Y,N,[RFC5246],tls_rsa,sha256,no_cipher,59
0xccab,8,0xcc,0xab,"0xcc,0xab",TLS_PSK_WITH_CHACHA20_POLY1305_SHA256,Y,N,[RFC7905],tls_psk,sha256,chacha20_poly1305,52395
0xccac,8,0xcc,0xac,"0xcc,0xac",TLS_ECDHE_PSK_WITH_CHACHA20_POLY1305_SHA256,Y,Y,[RFC7905],tls_ecdhe_psk,sha256,chacha20_poly1305,52396
0xccad,8,0xcc,0xad,"0xcc,0xad",TLS_DHE_PSK_WITH_CHACHA20_POLY1305_SHA256,Y,Y,[RFC7905],tls_dhe_psk,sha256,chacha20_poly1305,52397
0xccae,8,0xcc,0xae,"0xcc,0xae",TLS_RSA_PSK_WITH_CHACHA20_POLY1305_SHA256,Y,N,[RFC7905],tls_rsa,sha256,chacha20_poly1305,52398
0xc053,7,0xc0,0x53,"0xc0,0x53",TLS_DHE_RSA_WITH_ARIA_256_GCM_SHA384,Y,N,[RFC6209],tls_dhe_rsa,sha384,aria_256_gcm,49235
0xc056,7,0xc0,0x56,"0xc0,0x56",TLS_DHE_DSS_WITH_ARIA_128_GCM_SHA256,Y,N,[RFC6209],tls_dhe_dss,sha256,aria_128_gcm,49238
0xc05d,7,0xc0,0x5d,"0xc0,0x5d",TLS_ECDHE_ECDSA_WITH_ARIA_256_GCM_SHA384,Y,N,[RFC6209],tls_ecdhe_ecdsa,sha384,aria_256_gcm,49245
0xc052,6,0xc0,0x52,"0xc0,0x52",TLS_DHE_RSA_WITH_ARIA_128_GCM_SHA256,Y,N,[RFC6209],tls_dhe_rsa,sha256,aria_128_gcm,49234
0xc051,6,0xc0,0x51,"0xc0,0x51",TLS_RSA_WITH_ARIA_256_GCM_SHA384,Y,N,[RFC6209],tls_rsa,sha384,aria_256_gcm,49233
0xc050,6,0xc0,0x50,"0xc0,0x50",TLS_RSA_WITH_ARIA_128_GCM_SHA256,Y,N,[RFC6209],tls_rsa,sha256,aria_128_gcm,49232
0xc060,6,0xc0,0x60,"0xc0,0x60",TLS_ECDHE_RSA_WITH_ARIA_128_GCM_SHA256,Y,N,[RFC6209],tls_dhe_rsa,sha256,aria_128_gcm,49248
0xc061,6,0xc0,0x61,"0xc0,0x61",TLS_ECDHE_RSA_WITH_ARIA_256_GCM_SHA384,Y,N,[RFC6209],tls_dhe_rsa,sha384,aria_256_gcm,49249
0xc05c,5,0xc0,0x5c,"0xc0,0x5c",TLS_ECDHE_ECDSA_WITH_ARIA_128_GCM_SHA256,Y,N,[RFC6209],tls_ecdhe_ecdsa,sha256,aria_128_gcm,49244
0xc057,5,0xc0,0x57,"0xc0,0x57",TLS_DHE_DSS_WITH_ARIA_256_GCM_SHA384,Y,N,[RFC6209],tls_dhe_dss,sha384,aria_256_gcm,49239
0x1305,5,0x13,0x05,"0x13,0x05",TLS_AES_128_CCM_8_SHA256,Y,N,[RFC8446][IESG Action 2018-08-16],tls_13,sha256,aes_128_ccm_8,4869
0x1304,5,0x13,0x04,"0x13,0x04",TLS_AES_128_CCM_SHA256,Y,Y,[RFC8446],tls_13,sha256,aes_128_ccm,4868
0xc070,3,0xc0,0x70,"0xc0,0x70",TLS_ECDHE_PSK_WITH_ARIA_128_CBC_SHA256,Y,N,[RFC6209],tls_ecdhe_psk,sha256,aria_128_cbc,49264
0xc083,3,0xc0,0x83,"0xc0,0x83",TLS_DH_DSS_WITH_CAMELLIA_256_GCM_SHA384,Y,N,[RFC6367],tls_dh_dss,sha384,camellia_256_gcm,49283
0x8e,3,0x00,0x8e,"0x00,0x8e",TLS_DHE_PSK_WITH_RC4_128_SHA,N,N,[RFC4279][RFC6347],tls_dhe_psk,sha,rc4_128,142
0xc062,3,0xc0,0x62,"0xc0,0x62",TLS_ECDH_RSA_WITH_ARIA_128_GCM_SHA256,Y,N,[RFC6209],tls_ecdh_rsa,sha256,aria_128_gcm,49250
0xc065,3,0xc0,0x65,"0xc0,0x65",TLS_PSK_WITH_ARIA_256_CBC_SHA384,Y,N,[RFC6209],tls_psk,sha384,aria_256_cbc,49253
0xc039,3,0xc0,0x39,"0xc0,0x39",TLS_ECDHE_PSK_WITH_NULL_SHA,Y,N,[RFC5489],tls_ecdhe_psk,sha,no_cipher,49209
0xc084,3,0xc0,0x84,"0xc0,0x84",TLS_DH_anon_WITH_CAMELLIA_128_GCM_SHA256,Y,N,[RFC6367],tls_dh_anon,sha256,camellia_128_gcm,49284
0xc5,3,0x00,0xc5,"0x00,0xc5",TLS_DH_anon_WITH_CAMELLIA_256_CBC_SHA256,Y,N,[RFC5932],tls_dh_anon,sha256,camellia_256_cbc,197
0xc06c,3,0xc0,0x6c,"0xc0,0x6c",TLS_DHE_PSK_WITH_ARIA_128_GCM_SHA256,Y,N,[RFC6209],tls_dhe_psk,sha256,aria_128_gcm,49260
0xc068,3,0xc0,0x68,"0xc0,0x68",TLS_RSA_PSK_WITH_ARIA_128_CBC_SHA256,Y,N,[RFC6209],tls_rsa,sha256,aria_128_cbc,49256
0x27,3,0x00,0x27,"0x00,0x27",TLS_KRB5_EXPORT_WITH_RC2_CBC_40_SHA,Y,N,[RFC2712],tls_krb5_export,sha,rc2_cbc_40,39
0x26,3,0x00,0x26,"0x00,0x26",TLS_KRB5_EXPORT_WITH_DES_CBC_40_SHA,Y,N,[RFC2712],tls_krb5_export,sha,des_cbc_40,38
0xc04c,3,0xc0,0x4c,"0xc0,0x4c",TLS_ECDHE_RSA_WITH_ARIA_128_CBC_SHA256,Y,N,[RFC6209],tls_dhe_rsa,sha256,aria_128_cbc,49228
0xc071,3,0xc0,0x71,"0xc0,0x71",TLS_ECDHE_PSK_WITH_ARIA_256_CBC_SHA384,Y,N,[RFC6209],tls_ecdhe_psk,sha384,aria_256_cbc,49265
0xc01d,3,0xc0,0x1d,"0xc0,0x1d",TLS_SRP_SHA_WITH_AES_128_CBC_SHA,Y,N,[RFC5054],tls_srp_sha,sha,aes_128_cbc,49181
0xb8,3,0x00,0xb8,"0x00,0xb8",TLS_RSA_PSK_WITH_NULL_SHA256,Y,N,[RFC5487],tls_rsa,sha256,no_cipher,184
0xb4,3,0x00,0xb4,"0x00,0xb4",TLS_DHE_PSK_WITH_NULL_SHA256,Y,N,[RFC5487],tls_dhe_psk,sha256,no_cipher,180
0xe,3,0x00,0x0e,"0x00,0x0e",TLS_DH_RSA_EXPORT_WITH_DES40_CBC_SHA,Y,N,[RFC4346],tls_dh_rsa,sha,des40_cbc,14
0xc066,2,0xc0,0x66,"0xc0,0x66",TLS_DHE_PSK_WITH_ARIA_128_CBC_SHA256,Y,N,[RFC6209],tls_dhe_psk,sha256,aria_128_cbc,49254
0xc2,2,0x00,0xc2,"0x00,0xc2",TLS_DH_RSA_WITH_CAMELLIA_256_CBC_SHA256,Y,N,[RFC5932],tls_dh_rsa,sha256,camellia_256_cbc,194
0xc064,2,0xc0,0x64,"0xc0,0x64",TLS_PSK_WITH_ARIA_128_CBC_SHA256,Y,N,[RFC6209],tls_psk,sha256,aria_128_cbc,49252
0xc06d,2,0xc0,0x6d,"0xc0,0x6d",TLS_DHE_PSK_WITH_ARIA_256_GCM_SHA384,Y,N,[RFC6209],tls_dhe_psk,sha384,aria_256_gcm,49261
0xc06f,2,0xc0,0x6f,"0xc0,0x6f",TLS_RSA_PSK_WITH_ARIA_256_GCM_SHA384,Y,N,[RFC6209],tls_rsa,sha384,aria_256_gcm,49263
0x24,2,0x00,0x24,"0x00,0x24",TLS_KRB5_WITH_RC4_128_MD5,N,N,[RFC2712][RFC6347],tls_krb5,md5,rc4_128,36
0x2e,2,0x00,0x2e,"0x00,0x2e",TLS_RSA_PSK_WITH_NULL_SHA,Y,N,[RFC4785],tls_rsa,sha,no_cipher,46
0xc05f,2,0xc0,0x5f,"0xc0,0x5f",TLS_ECDH_ECDSA_WITH_ARIA_256_GCM_SHA384,Y,N,[RFC6209],tls_ecdh_ecdsa,sha384,aria_256_gcm,49247
0xc085,2,0xc0,0x85,"0xc0,0x85",TLS_DH_anon_WITH_CAMELLIA_256_GCM_SHA384,Y,N,[RFC6367],tls_dh_anon,sha384,camellia_256_gcm,49285
0xc082,2,0xc0,0x82,"0xc0,0x82",TLS_DH_DSS_WITH_CAMELLIA_128_GCM_SHA256,Y,N,[RFC6367],tls_dh_dss,sha256,camellia_128_gcm,49282
0x2b,2,0x00,0x2b,"0x00,0x2b",TLS_KRB5_EXPORT_WITH_RC4_40_MD5,N,N,[RFC2712][RFC6347],tls_krb5_export,md5,rc4_40,43
0x2a,2,0x00,0x2a,"0x00,0x2a",TLS_KRB5_EXPORT_WITH_RC2_CBC_40_MD5,Y,N,[RFC2712],tls_krb5_export,md5,rc2_cbc_40,42
0x29,2,0x00,0x29,"0x00,0x29",TLS_KRB5_EXPORT_WITH_DES_CBC_40_MD5,Y,N,[RFC2712],tls_krb5_export,md5,des_cbc_40,41
0x28,2,0x00,0x28,"0x00,0x28",TLS_KRB5_EXPORT_WITH_RC4_40_SHA,N,N,[RFC2712][RFC6347],tls_krb5_export,sha,rc4_40,40
0xc042,2,0xc0,0x42,"0xc0,0x42",TLS_DHE_DSS_WITH_ARIA_128_CBC_SHA256,Y,N,[RFC6209],tls_dhe_dss,sha256,aria_128_cbc,49218
0xc04a,2,0xc0,0x4a,"0xc0,0x4a",TLS_ECDH_ECDSA_WITH_ARIA_128_CBC_SHA256,Y,N,[RFC6209],tls_ecdh_ecdsa,sha256,aria_128_cbc,49226
0xc048,2,0xc0,0x48,"0xc0,0x48",TLS_ECDHE_ECDSA_WITH_ARIA_128_CBC_SHA256,Y,N,[RFC6209],tls_ecdhe_ecdsa,sha256,aria_128_cbc,49224
0xc047,2,0xc0,0x47,"0xc0,0x47",TLS_DH_anon_WITH_ARIA_256_CBC_SHA384,Y,N,[RFC6209],tls_dh_anon,sha384,aria_256_cbc,49223
0xc046,2,0xc0,0x46,"0xc0,0x46",TLS_DH_anon_WITH_ARIA_128_CBC_SHA256,Y,N,[RFC6209],tls_dh_anon,sha256,aria_128_cbc,49222
0x1f,2,0x00,0x1f,"0x00,0x1f",TLS_KRB5_WITH_3DES_EDE_CBC_SHA,Y,N,[RFC2712],tls_krb5,sha,3des_ede_cbc,31
0x1e,2,0x00,0x1e,"0x00,0x1e",TLS_KRB5_WITH_DES_CBC_SHA,Y,N,[RFC2712],tls_krb5,sha,des_cbc,30
0xc043,2,0xc0,0x43,"0xc0,0x43",TLS_DHE_DSS_WITH_ARIA_256_CBC_SHA384,Y,N,[RFC6209],tls_dhe_dss,sha384,aria_256_cbc,49219
0xc041,2,0xc0,0x41,"0xc0,0x41",TLS_DH_RSA_WITH_ARIA_256_CBC_SHA384,Y,N,[RFC6209],tls_dh_rsa,sha384,aria_256_cbc,49217
0xc040,2,0xc0,0x40,"0xc0,0x40",TLS_DH_RSA_WITH_ARIA_128_CBC_SHA256,Y,N,[RFC6209],tls_dh_rsa,sha256,aria_128_cbc,49216
0xc03f,2,0xc0,0x3f,"0xc0,0x3f",TLS_DH_DSS_WITH_ARIA_256_CBC_SHA384,Y,N,[RFC6209],tls_dh_dss,sha384,aria_256_cbc,49215
0xc03e,2,0xc0,0x3e,"0xc0,0x3e",TLS_DH_DSS_WITH_ARIA_128_CBC_SHA256,Y,N,[RFC6209],tls_dh_dss,sha256,aria_128_cbc,49214
0xc03d,2,0xc0,0x3d,"0xc0,0x3d",TLS_RSA_WITH_ARIA_256_CBC_SHA384,Y,N,[RFC6209],tls_rsa,sha384,aria_256_cbc,49213
0xc03b,2,0xc0,0x3b,"0xc0,0x3b",TLS_ECDHE_PSK_WITH_NULL_SHA384,Y,N,[RFC5489],tls_ecdhe_psk,sha384,no_cipher,49211
0xc03a,2,0xc0,0x3a,"0xc0,0x3a",TLS_ECDHE_PSK_WITH_NULL_SHA256,Y,N,[RFC5489],tls_ecdhe_psk,sha256,no_cipher,49210
0x8a,2,0x00,0x8a,"0x00,0x8a",TLS_PSK_WITH_RC4_128_SHA,N,N,[RFC4279][RFC6347],tls_psk,sha,rc4_128,138
0xc033,2,0xc0,0x33,"0xc0,0x33",TLS_ECDHE_PSK_WITH_RC4_128_SHA,N,N,[RFC5489][RFC6347],tls_ecdhe_psk,sha,rc4_128,49203
0x92,2,0x00,0x92,"0x00,0x92",TLS_RSA_PSK_WITH_RC4_128_SHA,N,N,[RFC4279][RFC6347],tls_rsa,sha,rc4_128,146
0xb,2,0x00,0x0b,"0x00,0x0b",TLS_DH_DSS_EXPORT_WITH_DES40_CBC_SHA,Y,N,[RFC4346],tls_dh_dss,sha,des40_cbc,11
0xb0,2,0x00,0xb0,"0x00,0xb0",TLS_PSK_WITH_NULL_SHA256,Y,N,[RFC5487],tls_psk,sha256,no_cipher,176
0xb5,2,0x00,0xb5,"0x00,0xb5",TLS_DHE_PSK_WITH_NULL_SHA384,Y,N,[RFC5487],tls_dhe_psk,sha384,no_cipher,181
0xbb,2,0x00,0xbb,"0x00,0xbb",TLS_DH_DSS_WITH_CAMELLIA_128_CBC_SHA256,Y,N,[RFC5932],tls_dh_dss,sha256,camellia_128_cbc,187
0xbc,2,0x00,0xbc,"0x00,0xbc",TLS_DH_RSA_WITH_CAMELLIA_128_CBC_SHA256,Y,N,[RFC5932],tls_dh_rsa,sha256,camellia_128_cbc,188
0xc049,2,0xc0,0x49,"0xc0,0x49",TLS_ECDHE_ECDSA_WITH_ARIA_256_CBC_SHA384,Y,N,[RFC6209],tls_ecdhe_ecdsa,sha384,aria_256_cbc,49225
0xc04b,2,0xc0,0x4b,"0xc0,0x4b",TLS_ECDH_ECDSA_WITH_ARIA_256_CBC_SHA384,Y,N,[RFC6209],tls_ecdh_ecdsa,sha384,aria_256_cbc,49227
0x20,2,0x00,0x20,"0x00,0x20",TLS_KRB5_WITH_RC4_128_SHA,N,N,[RFC2712][RFC6347],tls_krb5,sha,rc4_128,32
0xc04f,2,0xc0,0x4f,"0xc0,0x4f",TLS_ECDH_RSA_WITH_ARIA_256_CBC_SHA384,Y,N,[RFC6209],tls_ecdh_rsa,sha384,aria_256_cbc,49231
0xc05b,2,0xc0,0x5b,"0xc0,0x5b",TLS_DH_anon_WITH_ARIA_256_GCM_SHA384,Y,N,[RFC6209],tls_dh_anon,sha384,aria_256_gcm,49243
0x21,2,0x00,0x21,"0x00,0x21",TLS_KRB5_WITH_IDEA_CBC_SHA,Y,N,[RFC2712],tls_krb5,sha,idea_cbc,33
0xc058,2,0xc0,0x58,"0xc0,0x58",TLS_DH_DSS_WITH_ARIA_128_GCM_SHA256,Y,N,[RFC6209],tls_dh_dss,sha256,aria_128_gcm,49240
0x22,2,0x00,0x22,"0x00,0x22",TLS_KRB5_WITH_DES_CBC_MD5,Y,N,[RFC2712],tls_krb5,md5,des_cbc,34
0xc059,2,0xc0,0x59,"0xc0,0x59",TLS_DH_DSS_WITH_ARIA_256_GCM_SHA384,Y,N,[RFC6209],tls_dh_dss,sha384,aria_256_gcm,49241
0xc055,2,0xc0,0x55,"0xc0,0x55",TLS_DH_RSA_WITH_ARIA_256_GCM_SHA384,Y,N,[RFC6209],tls_dh_rsa,sha384,aria_256_gcm,49237
0xc054,2,0xc0,0x54,"0xc0,0x54",TLS_DH_RSA_WITH_ARIA_128_GCM_SHA256,Y,N,[RFC6209],tls_dh_rsa,sha256,aria_128_gcm,49236
0x23,1,0x00,0x23,"0x00,0x23",TLS_KRB5_WITH_3DES_EDE_CBC_MD5,Y,N,[RFC2712],tls_krb5,md5,3des_ede_cbc,35
0x25,1,0x00,0x25,"0x00,0x25",TLS_KRB5_WITH_IDEA_CBC_MD5,Y,N,[RFC2712],tls_krb5,md5,idea_cbc,37
0x2d,1,0x00,0x2d,"0x00,0x2d",TLS_DHE_PSK_WITH_NULL_SHA,Y,N,[RFC4785],tls_dhe_psk,sha,no_cipher,45
0x2c,1,0x00,0x2c,"0x00,0x2c",TLS_PSK_WITH_NULL_SHA,Y,N,[RFC4785],tls_psk,sha,no_cipher,44
0xc1,1,0x00,0xc1,"0x00,0xc1",TLS_DH_DSS_WITH_CAMELLIA_256_CBC_SHA256,Y,N,[RFC5932],tls_dh_dss,sha256,camellia_256_cbc,193
0xc01a,1,0xc0,0x1a,"0xc0,0x1a",TLS_SRP_SHA_WITH_3DES_EDE_CBC_SHA,Y,N,[RFC5054],tls_srp_sha,sha,3des_ede_cbc,49178
0xc04e,1,0xc0,0x4e,"0xc0,0x4e",TLS_ECDH_RSA_WITH_ARIA_128_CBC_SHA256,Y,N,[RFC6209],tls_ecdh_rsa,sha256,aria_128_cbc,49230
0xc04d,1,0xc0,0x4d,"0xc0,0x4d",TLS_ECDHE_RSA_WITH_ARIA_256_CBC_SHA384,Y,N,[RFC6209],tls_dhe_rsa,sha384,aria_256_cbc,49229
0xc045,1,0xc0,0x45,"0xc0,0x45",TLS_DHE_RSA_WITH_ARIA_256_CBC_SHA384,Y,N,[RFC6209],tls_dhe_rsa,sha384,aria_256_cbc,49221
0xc044,1,0xc0,0x44,"0xc0,0x44",TLS_DHE_RSA_WITH_ARIA_128_CBC_SHA256,Y,N,[RFC6209],tls_dhe_rsa,sha256,aria_128_cbc,49220
0xc03c,1,0xc0,0x3c,"0xc0,0x3c",TLS_RSA_WITH_ARIA_128_CBC_SHA256,Y,N,[RFC6209],tls_rsa,sha256,aria_128_cbc,49212
0xb1,1,0x00,0xb1,"0x00,0xb1",TLS_PSK_WITH_NULL_SHA384,Y,N,[RFC5487],tls_psk,sha384,no_cipher,177
0xb9,1,0x00,0xb9,"0x00,0xb9",TLS_RSA_PSK_WITH_NULL_SHA384,Y,N,[RFC5487],tls_rsa,sha384,no_cipher,185
0xc020,1,0xc0,0x20,"0xc0,0x20",TLS_SRP_SHA_WITH_AES_256_CBC_SHA,Y,N,[RFC5054],tls_srp_sha,sha,aes_256_cbc,49184
0xc05a,1,0xc0,0x5a,"0xc0,0x5a",TLS_DH_anon_WITH_ARIA_128_GCM_SHA256,Y,N,[RFC6209],tls_dh_anon,sha256,aria_128_gcm,49242
0xc07f,1,0xc0,0x7f,"0xc0,0x7f",TLS_DH_RSA_WITH_CAMELLIA_256_GCM_SHA384,Y,N,[RFC6367],tls_dh_rsa,sha384,camellia_256_gcm,49279
0xc07e,1,0xc0,0x7e,"0xc0,0x7e",TLS_DH_RSA_WITH_CAMELLIA_128_GCM_SHA256,Y,N,[RFC6367],tls_dh_rsa,sha256,camellia_128_gcm,49278
0xc05e,1,0xc0,0x5e,"0xc0,0x5e",TLS_ECDH_ECDSA_WITH_ARIA_128_GCM_SHA256,Y,N,[RFC6209],tls_ecdh_ecdsa,sha256,aria_128_gcm,49246
0xc06e,1,0xc0,0x6e,"0xc0,0x6e",TLS_RSA_PSK_WITH_ARIA_128_GCM_SHA256,Y,N,[RFC6209],tls_rsa,sha256,aria_128_gcm,49262
0xc06b,1,0xc0,0x6b,"0xc0,0x6b",TLS_PSK_WITH_ARIA_256_GCM_SHA384,Y,N,[RFC6209],tls_psk,sha384,aria_256_gcm,49259
0xc06a,1,0xc0,0x6a,"0xc0,0x6a",TLS_PSK_WITH_ARIA_128_GCM_SHA256,Y,N,[RFC6209],tls_psk,sha256,aria_128_gcm,49258
0xc069,1,0xc0,0x69,"0xc0,0x69",TLS_RSA_PSK_WITH_ARIA_256_CBC_SHA384,Y,N,[RFC6209],tls_rsa,sha384,aria_256_cbc,49257
0xc067,1,0xc0,0x67,"0xc0,0x67",TLS_DHE_PSK_WITH_ARIA_256_CBC_SHA384,Y,N,[RFC6209],tls_dhe_psk,sha384,aria_256_cbc,49255
0xc063,1,0xc0,0x63,"0xc0,0x63",TLS_ECDH_RSA_WITH_ARIA_256_GCM_SHA384,Y,N,[RFC6209],tls_ecdh_rsa,sha384,aria_256_gcm,49251
0xbf,1,0x00,0xbf,"0x00,0xbf",TLS_DH_anon_WITH_CAMELLIA_128_CBC_SHA256,Y,N,[RFC5932],tls_dh_anon,sha256,camellia_128_cbc,191
